-- ============================================================
-- シードデータ投入SQL
-- Supabase SQL Editor で実行してください
-- ============================================================

-- プロジェクト
INSERT INTO public.projects (id, name, start_date, due_date, progress, risk, last_updated, tasks_due_this_week, tasks_delayed, tasks_completed)
OVERRIDING SYSTEM VALUE
VALUES
  (1, 'WLF', '2026-06-01', '2027-01-04', 1, 'high', '2026-06-16', 13, 0, 1),
  (2, 'AI_kawai', '2026-05-01', '2026-06-30', 0.4, 'caution', '2026-06-16', 5, 0, 11);
SELECT setval('public.projects_id_seq', (SELECT MAX(id) FROM public.projects));

-- 分類（案件）
INSERT INTO public.anken (id, project_id, name, leader, progress, risk, due_date, last_updated, tasks_due_this_week, tasks_delayed, tasks_completed)
OVERRIDING SYSTEM VALUE
VALUES
  (1, 1, '共通', 'SAI奥山', 0, 'high', '2027-01-04', '2026-06-16', 10, 0, 0),
  (2, 1, 'スクール', 'SAI奥山', 0, 'high', '2026-08-21', '2026-06-16', 2, 0, 0),
  (3, 1, 'システム', 'SAI奥山', 3, 'high', '2026-08-31', '2026-06-16', 1, 0, 1),
  (4, 2, 'PHASE 1 – ヒアリング・リサーチ・コンセプト設計', '柴田', 1, 'normal', '2026-06-10', '2026-06-16', 0, 0, 7),
  (5, 2, 'PHASE 2 – セミナー設計・チーム構築', '柴田', 1, 'normal', '2026-05-31', '2026-06-16', 0, 0, 4),
  (6, 2, 'PHASE 3 – クリエイティブ制作', '柴田', 0.6, 'caution', '2026-06-30', '2026-06-16', 4, 0, 2),
  (7, 2, 'PHASE 4 – 入稿・テスト・スタート', '広告', 0.2, 'high', '2026-06-30', '2026-06-16', 1, 0, 0),
  (8, 2, '法人関連', '森岡', 0, 'caution', '2026-06-16', '2026-06-16', 0, 0, 0),
  (9, 2, 'インフラ関連', '', 0, 'normal', '2026-06-16', '2026-06-16', 0, 0, 0),
  (10, 2, '広告関連', '', 0, 'normal', '2026-06-16', '2026-06-16', 0, 0, 0);
SELECT setval('public.anken_id_seq', (SELECT MAX(id) FROM public.anken));

-- タスク
INSERT INTO public.tasks (id, project_id, anken_id, name, assignees, start_date, end_date, status, risk, progress_memo, special_notes, materials)
OVERRIDING SYSTEM VALUE
VALUES
  (1, 1, 1, 'HP用ドメイン準備', ARRAY['SAI奥山','SAI野々山'], '2026-06-15', '2026-06-30', 'in_progress', 'caution', '', '', ''),
  (2, 1, 1, 'HP準備', ARRAY['SAI奥山','SAI野々山'], '2026-06-15', '2026-06-30', 'in_progress', 'caution', '', '', ''),
  (3, 1, 1, 'HPドメインメールアドレス発行', ARRAY['SAI奥山','SAI野々山'], '2026-06-15', '2026-06-30', 'in_progress', 'caution', '', '', ''),
  (4, 1, 2, '会員サイト譲渡条件確認', ARRAY['SAI奥山','SAI吉田'], '2026-06-15', '2026-06-19', 'in_progress', 'high', '', '', ''),
  (5, 1, 2, '会員サイト引き継ぎ対応', ARRAY['SAI奥山','SAI吉田'], '2026-06-16', '2026-06-19', 'in_progress', 'high', '', '', ''),
  (6, 1, 2, '会員サイト準備/改修', ARRAY['SAI奥山','SAI吉田'], '2026-06-19', '2026-06-30', 'pending', 'caution', '', '', ''),
  (7, 1, 2, '会員引き継ぎ対応', ARRAY['SAI奥山','SAI吉田'], '2026-06-15', '2026-06-30', 'in_progress', 'caution', '', '', ''),
  (8, 1, 2, '顧客サポート対応フロー作成', ARRAY['SAI奥山','SAI吉田'], '2026-06-15', '2026-06-30', 'in_progress', 'caution', '', '', ''),
  (9, 1, 2, '着金誘導フロー設計/確認', ARRAY['SAI奥山','SAI吉田'], '2026-06-15', '2026-06-30', 'in_progress', 'caution', '', '', ''),
  (10, 1, 2, 'カスタマージャーニー作成', ARRAY['SAI奥山','SAI吉田'], '2026-07-01', '2026-07-20', 'pending', 'normal', '', '', ''),
  (11, 1, 2, '顧客管理シート作成（受講生/卒業生）', ARRAY['SAI奥山','SAI吉田'], '2026-06-17', '2026-06-30', 'pending', 'caution', '', '', ''),
  (12, 1, 2, '撮影手配（MC/会場/STAFF手配）', ARRAY['SAI奥山','SAI吉田'], '2026-06-22', '2026-06-26', 'pending', 'caution', '', '', ''),
  (13, 1, 2, '【10周年イベント】LINEアカウント準備', ARRAY['SAI奥山','SAI吉田'], '2026-07-08', '2026-07-10', 'pending', 'normal', '', '', ''),
  (14, 1, 2, '【10周年イベント】配信スタンドの準備（エルメ）', ARRAY['SAI奥山','SAI吉田'], '2026-07-08', '2026-07-10', 'pending', 'normal', '', '', ''),
  (15, 1, 2, 'オンライン講師引き継ぎ対応', ARRAY['SAI奥山','SAI吉田'], '2026-07-01', '2026-08-21', 'pending', 'normal', '', '', ''),
  (16, 1, 2, 'オンラインセミナー企画', ARRAY['SAI奥山','SAI吉田'], '2026-07-01', '2026-08-21', 'pending', 'normal', '', '', ''),
  (17, 1, 2, '返金用電話番号取得', ARRAY['SAI奥山','SAI吉田'], '2026-07-01', '2026-08-21', 'pending', 'normal', '', '', ''),
  (18, 1, 2, '返金/クーリングオフ対応フロー構築', ARRAY['SAI奥山','SAI吉田'], '2026-07-01', '2026-08-21', 'pending', 'normal', '', '', ''),
  (19, 1, 1, 'CSメンバーマネジメント設計', ARRAY['SAI奥山','SAI吉田'], '2026-07-01', '2026-07-31', 'pending', 'normal', '', '', ''),
  (20, 1, 3, 'システム仕様書作成', ARRAY['SAI奥山','SAI吉田'], '2026-06-15', '2026-06-16', 'completed', 'normal', '', '', ''),
  (21, 1, 3, '開発依頼', ARRAY['SAI奥山','SAI吉田'], '2026-06-15', '2026-06-19', 'in_progress', 'high', '', '', ''),
  (22, 1, 3, 'よくある質問Q＆A用意', ARRAY['SAI奥山','SAI吉田'], '2026-07-01', '2026-07-03', 'pending', 'normal', '', '', ''),
  (23, 1, 3, '商品提供導線設計', ARRAY['SAI奥山','SAI吉田'], '2026-07-07', '2026-07-24', 'pending', 'normal', '', '', ''),
  (24, 1, 3, '商品提供フロー構築（スタッフ側）', ARRAY['SAI奥山','SAI吉田'], '2026-07-20', '2026-07-21', 'pending', 'normal', '', '', ''),
  (25, 1, 3, '動画撮影スタッフの用意', ARRAY['SAI奥山','SAI吉田'], '2026-07-01', '2026-07-03', 'pending', 'normal', '', '', ''),
  (26, 1, 3, 'プレCS最終調整', ARRAY['SAI奥山','SAI吉田'], '2026-07-27', '2026-07-31', 'pending', 'normal', '', '', ''),
  (27, 1, 3, 'プレCS対応', ARRAY['SAI奥山','SAI吉田'], '2026-08-03', '2026-08-07', 'pending', 'normal', '', '', ''),
  (28, 1, 3, '本リリースCS最終調整', ARRAY['SAI奥山','SAI吉田'], '2026-08-10', '2026-08-14', 'pending', 'normal', '', '', ''),
  (29, 1, 3, '本リリースCS対応', ARRAY['SAI奥山','SAI吉田'], '2026-08-31', '2026-08-31', 'pending', 'normal', '', '', ''),
  (30, 1, 1, '事業計画・経営戦略の策定', ARRAY['SAI吉田','SAI浜口'], '2026-06-17', '2026-06-19', 'pending', 'high', '', '', ''),
  (31, 1, 1, '組織図/役割確定', ARRAY['SAI吉田','SAI浜口'], '2026-06-17', '2026-06-19', 'pending', 'high', '', '', ''),
  (32, 1, 1, '台帳構築（PL/KPI管理）', ARRAY['SAI吉田','SAI浜口'], '2026-06-22', '2026-06-26', 'pending', 'caution', '', '', ''),
  (33, 1, 1, '商品コンプラチェック', ARRAY['SAI吉田','SAI阿部'], '2026-06-17', '2026-06-30', 'pending', 'caution', '', '', ''),
  (34, 1, 1, 'プロモーションコンプラチェック', ARRAY['SAI吉田','SAI阿部'], '2026-06-17', '2026-06-26', 'pending', 'caution', '', '', ''),
  (35, 1, 1, 'クロージングコンプラチェック', ARRAY['SAI吉田','SAI阿部'], '2026-06-17', '2026-06-26', 'pending', 'caution', '', '', ''),
  (36, 1, 1, 'コンプラ線引き', ARRAY['SAI吉田','SAI阿部'], '2026-06-17', '2026-06-30', 'pending', 'caution', '', '', ''),
  (37, 1, 1, '記念イベント企画設計', ARRAY['SAI吉田','SAI山嵜'], '2026-06-17', '2026-06-26', 'pending', 'caution', '', '', ''),
  (38, 1, 1, '記念イベント運営業者手配', ARRAY['SAI吉田','SAI山嵜'], '2026-06-12', '2026-06-16', 'in_progress', 'high', '', '', ''),
  (39, 1, 1, '記念イベントアンケート文作成', ARRAY['SAI吉田','SAI山嵜'], '2026-06-12', '2026-06-16', 'in_progress', 'high', '', '', ''),
  (40, 1, 1, '記念イベント案内文作成', ARRAY['SAI吉田','SAI山嵜'], '2026-06-12', '2026-06-16', 'in_progress', 'high', '', '', ''),
  (41, 1, 1, 'AIチャットボット企画（Gem）', ARRAY['SAI吉田','SAI山嵜'], '2026-06-01', '2026-06-16', 'in_progress', 'high', '', '', ''),
  (42, 1, 1, 'AIチャットボットテスト（社内）', ARRAY['SAI吉田','SAI山嵜'], '2026-06-17', '2026-06-19', 'pending', 'high', '', '', ''),
  (43, 1, 1, 'AIチャットボットテスト（PJT）', ARRAY['SAI吉田','SAI山嵜'], '2026-06-19', '2026-06-26', 'pending', 'caution', '', '', ''),
  (44, 1, 1, 'スクール商品企画', ARRAY['SAI吉田','SAI山嵜'], '2026-06-17', '2026-06-26', 'pending', 'caution', '', '', ''),
  (45, 1, 1, 'システム商品企画', ARRAY['SAI吉田','SAI山嵜'], '2026-06-17', '2026-07-03', 'pending', 'normal', '', '', ''),
  (46, 1, 1, 'システムバックテスト実施/指標設定', ARRAY['SAI吉田','SAI山嵜'], '2026-06-17', '2026-06-26', 'pending', 'caution', '', '', ''),
  (47, 1, 1, 'システム制作業者選定', ARRAY['SAI吉田','SAI山嵜'], '2026-06-17', '2026-06-19', 'pending', 'high', '', '', ''),
  (48, 1, 1, 'システム制作', ARRAY['SAI吉田','SAI山嵜'], '2026-06-17', '2026-07-17', 'pending', 'normal', '', '', ''),
  (49, 1, 1, 'クロスセル準備', ARRAY['SAI吉田','SAI柴垣'], '2026-08-01', '2026-08-28', 'pending', 'normal', '', '', ''),
  (50, 1, 1, 'SNS告知スケジュール調整', ARRAY['SAI吉田','SAI柴垣'], '2026-07-01', '2026-07-10', 'pending', 'normal', '', '', ''),
  (51, 1, 1, '外部講師の用意', ARRAY['SAI吉田','SAI柴垣'], '2026-06-15', '2026-06-16', 'in_progress', 'high', '', '', ''),
  (52, 1, 1, '各社契約締結', ARRAY['SAI吉田','SAI柴垣'], '2026-06-17', '2026-06-26', 'pending', 'caution', '', '', ''),
  (53, 1, 2, '引き継ぎ準備', ARRAY['SAI吉田','SAI奥山'], '2026-06-17', '2026-06-30', 'pending', 'caution', '', '', ''),
  (54, 1, 2, '引き継ぎ対応', ARRAY['SAI吉田','SAI奥山'], '2026-07-01', '2026-07-17', 'pending', 'normal', '', '', ''),
  (55, 1, 1, '月刊ウルフ/準備', ARRAY['SAI吉田','SAI奥山'], '2026-06-17', '2026-06-30', 'pending', 'caution', '', '', ''),
  (56, 1, 1, '月刊ウルフ/引き継ぎ対応', ARRAY['SAI吉田','SAI奥山'], '2026-07-01', '2026-07-17', 'pending', 'normal', '', '', ''),
  (57, 1, 3, 'プレPJT最終調整', ARRAY['SAI吉田','SAI奥山'], '2026-07-27', '2026-07-31', 'pending', 'normal', '', '', ''),
  (58, 1, 3, 'プレPJT対応', ARRAY['SAI吉田','SAI奥山'], '2026-08-01', '2026-08-07', 'pending', 'normal', '', '', ''),
  (59, 1, 3, '本リリースPJT最終調整', ARRAY['SAI吉田','SAI奥山'], '2026-08-10', '2026-08-14', 'pending', 'normal', '', '', ''),
  (60, 1, 3, '本リリースPJT対応', ARRAY['SAI吉田','SAI奥山'], '2026-08-31', '2026-08-31', 'pending', 'normal', '', '', ''),
  (61, 1, 1, '株トレ基礎講座視聴・理解', ARRAY['ALL','ALL奥山'], '2026-06-15', '2026-06-26', 'in_progress', 'caution', '', '', ''),
  (62, 1, 2, 'システム商品理解', ARRAY['ALL','ALL奥山'], '2026-06-15', '2026-06-26', 'in_progress', 'caution', '', '', ''),
  (63, 1, 1, 'SNS運用準備', ARRAY['SAI吉田','SAI浜口'], '2026-08-01', '2026-08-31', 'pending', 'normal', '', '', ''),
  (64, 1, 1, 'SNS運用管理引き継ぎ', ARRAY['SAI吉田','SAI浜口'], '2026-09-01', '2026-09-01', 'pending', 'normal', '', '', ''),
  (65, 1, 1, 'WEB広告集客準備', ARRAY['SAI吉田','SAI浜口'], '2026-08-01', '2026-08-31', 'pending', 'normal', '', '', ''),
  (66, 1, 1, 'コード別成果表作成', ARRAY['SAI吉田','SAI浜口'], '2026-09-01', '2026-09-15', 'pending', 'normal', '', '', ''),
  (67, 1, 1, '広告CL作成', ARRAY['SAI吉田','SAI浜口'], '2026-09-01', '2026-09-15', 'pending', 'normal', '', '', ''),
  (68, 1, 1, '広告LP作成', ARRAY['SAI吉田','SAI浜口'], '2026-09-01', '2026-09-15', 'pending', 'normal', '', '', ''),
  (69, 1, 1, '広告審査', ARRAY['SAI吉田','SAI浜口'], '2026-09-16', '2026-09-30', 'pending', 'normal', '', '', ''),
  (70, 1, 1, '広告開始', ARRAY['SAI吉田','SAI浜口'], '2026-10-01', '2026-10-01', 'pending', 'normal', '', '', ''),
  (71, 1, 1, 'SEO集客準備', ARRAY['SAI吉田','SAI浜口'], '2026-11-01', '2026-11-30', 'pending', 'normal', '', '', ''),
  (72, 1, 1, 'ポジティブ記事作成準備', ARRAY['SAI吉田','SAI浜口'], '2026-12-01', '2026-12-25', 'pending', 'normal', '', '', ''),
  (73, 1, 1, 'ネガティブ記事削除準備', ARRAY['SAI吉田','SAI浜口'], '2026-12-01', '2026-12-25', 'pending', 'normal', '', '', ''),
  (74, 1, 1, 'ポジティブ記事の量産開始', ARRAY['SAI吉田','SAI浜口'], '2027-01-04', '2027-01-04', 'pending', 'normal', '', '', ''),
  (75, 1, 1, 'ネガティブ記事の削除開始', ARRAY['SAI吉田','SAI浜口'], '2027-01-04', '2027-01-04', 'pending', 'normal', '', '', ''),
  (76, 1, 1, '告知映像シナリオ作成', ARRAY['PP木村','PP吉田'], '2026-06-15', '2026-06-30', 'in_progress', 'caution', '', '', ''),
  (77, 1, 1, '告知映像制作編集', ARRAY['PP木村','PP吉田'], '2026-06-15', '2026-06-30', 'in_progress', 'caution', '', '', ''),
  (78, 1, 1, 'CHヒアリング', ARRAY['PP木村','PP吉田'], '2026-06-15', '2026-06-30', 'in_progress', 'caution', '', '', ''),
  (79, 1, 1, 'プロモーションコンセプト設計', ARRAY['PP木村','PP吉田'], '2026-06-15', '2026-06-30', 'in_progress', 'caution', '', '', ''),
  (80, 1, 1, '特典・保証企画作成', ARRAY['PP木村','PP吉田'], '2026-06-15', '2026-06-30', 'in_progress', 'caution', '', '', ''),
  (81, 1, 1, 'プロモーション導線構築/設計', ARRAY['PP木村','PP吉田'], '2026-06-15', '2026-06-30', 'in_progress', 'caution', '', '', ''),
  (82, 1, 1, '動画シナリオ作成', ARRAY['PP木村','PP吉田'], '2026-06-15', '2026-06-30', 'in_progress', 'caution', '', '', ''),
  (83, 1, 1, 'FNシナリオ作成', ARRAY['PP木村','PP吉田'], '2026-06-15', '2026-06-30', 'in_progress', 'caution', '', '', ''),
  (84, 1, 1, 'プロモーション動画撮影', ARRAY['PP木村','PP吉田'], '2026-06-15', '2026-06-30', 'in_progress', 'caution', '', '', ''),
  (85, 1, 1, 'プロモーション動画編集', ARRAY['PP木村','PP吉田'], '2026-06-15', '2026-06-30', 'in_progress', 'caution', '', '', ''),
  (86, 1, 1, 'LINE返信テンプレ作成', ARRAY['PP木村','PP吉田'], '2026-06-15', '2026-06-30', 'in_progress', 'caution', '', '', ''),
  (87, 1, 1, '配信スタンド/LINEアカウント構築', ARRAY['PP木村','PP吉田'], '2026-06-15', '2026-06-30', 'in_progress', 'caution', '', '', ''),
  (88, 1, 1, 'シナリオ設置/テスト', ARRAY['PP木村','PP吉田'], '2026-06-15', '2026-06-30', 'in_progress', 'caution', '', '', ''),
  (89, 1, 1, 'LP作成（デザイン〜設置）', ARRAY['PP木村','PP吉田'], '2026-06-15', '2026-06-30', 'in_progress', 'caution', '', '', ''),
  (90, 1, 1, 'FN作成（デザイン〜設置）', ARRAY['PP木村','PP吉田'], '2026-06-15', '2026-06-30', 'in_progress', 'caution', '', '', ''),
  (91, 1, 1, 'サンクスページ作成', ARRAY['PP木村','PP吉田'], '2026-06-15', '2026-06-30', 'in_progress', 'caution', '', '', ''),
  (92, 1, 1, 'SLページ作成作成', ARRAY['PP木村','PP吉田'], '2026-06-15', '2026-06-30', 'in_progress', 'caution', '', '', ''),
  (93, 1, 1, '特商法準備', ARRAY['PP木村','PP吉田'], '2026-06-15', '2026-06-30', 'in_progress', 'caution', '', '', ''),
  (94, 1, 1, '配信文の構築/設置', ARRAY['PP木村','PP吉田'], '2026-06-15', '2026-06-30', 'in_progress', 'caution', '', '', ''),
  (95, 1, 3, 'プレプロモ最終調整', ARRAY['PP木村','PP吉田'], '2026-07-27', '2026-07-31', 'pending', 'normal', '', '', ''),
  (96, 1, 3, 'プレプロモ対応', ARRAY['PP木村','PP吉田'], '2026-08-03', '2026-08-07', 'pending', 'normal', '', '', ''),
  (97, 1, 3, '本リリースプロモ最終調整', ARRAY['PP木村','PP吉田'], '2026-08-10', '2026-08-14', 'pending', 'normal', '', '', ''),
  (98, 1, 3, '本リリースプロモ対応', ARRAY['PP木村','PP吉田'], '2026-08-24', '2026-08-24', 'pending', 'normal', '', '', ''),
  (99, 1, 3, 'テキスト教材作成（ガイドブック）', ARRAY['MYH金子','MYH奥山'], '2026-07-20', '2026-07-24', 'pending', 'normal', '', '', ''),
  (100, 1, 1, '株トレ検定試験制作', ARRAY['MYH金子','MYH奥山'], '2026-07-27', '2026-07-31', 'pending', 'normal', '', '', ''),
  (101, 1, 1, '株トレ検定試験実施', ARRAY['MYH金子','MYH奥山'], '2026-07-31', '2026-07-31', 'pending', 'normal', '', '', ''),
  (102, 1, 1, 'LINEアカウントBAN対策設計', ARRAY['MYH金子','MYH奥山'], '2026-06-29', '2026-06-30', 'pending', 'caution', '', '', ''),
  (103, 1, 1, 'メール配信リスク管理設計', ARRAY['MYH金子','MYH奥山'], '2026-06-29', '2026-06-30', 'pending', 'caution', '', '', ''),
  (104, 1, 1, '決済トラブル対応設計', ARRAY['MYH金子','MYH奥山'], '2026-06-29', '2026-06-30', 'pending', 'caution', '', '', ''),
  (105, 1, 1, 'PJT月次レポート', ARRAY['MYH金子','MYH吉田'], '2026-08-03', '2026-08-05', 'pending', 'normal', '', '', ''),
  (106, 1, 1, 'PJT月次定例ファシリテート', ARRAY['MYH金子','MYH吉田'], '2026-08-03', '2026-08-05', 'pending', 'normal', '', '', ''),
  (107, 1, 1, '記念イベント会場手配', ARRAY['MYH金子','MYH吉田'], '2026-06-15', '2026-06-19', 'in_progress', 'high', '', '', ''),
  (108, 1, 1, '記念イベント運営準備', ARRAY['MYH金子','MYH吉田'], '2026-07-01', '2026-08-22', 'pending', 'normal', '', '', ''),
  (109, 1, 1, '記念イベント当日運営', ARRAY['MYH金子','MYH吉田'], '2026-08-23', '2026-08-23', 'pending', 'normal', '', '', ''),
  (110, 1, 1, 'リアルセミナー企画', ARRAY['MYH金子','MYH吉田'], '2026-07-20', '2026-07-31', 'pending', 'normal', '', '', ''),
  (111, 1, 1, 'リアルセミナー会場手配', ARRAY['MYH金子','MYH吉田'], '2026-07-20', '2026-07-31', 'pending', 'normal', '', '', ''),
  (112, 1, 1, 'リアルセミナー運営準備', ARRAY['MYH金子','MYH吉田'], '2026-07-20', '2026-09-30', 'pending', 'normal', '', '', ''),
  (113, 1, 1, 'リアルセミナー当日運営', ARRAY['MYH金子','MYH吉田'], '2026-09-01', '2026-09-30', 'pending', 'normal', '', '', ''),
  (114, 1, 1, 'CSサポートアサイン', ARRAY['MYH金子','MYH吉田'], '2026-09-01', '2026-09-30', 'pending', 'normal', '', '', ''),
  (115, 1, 3, 'プレCS最終調整', ARRAY['MYH金子','MYH吉田'], '2026-07-27', '2026-07-31', 'pending', 'normal', '', '', ''),
  (116, 1, 3, 'プレCS対応', ARRAY['MYH金子','MYH吉田'], '2026-08-03', '2026-08-07', 'pending', 'normal', '', '', ''),
  (117, 1, 3, '本リリースCS最終調整', ARRAY['MYH金子','MYH吉田'], '2026-08-10', '2026-08-14', 'pending', 'normal', '', '', ''),
  (118, 1, 3, '本リリースCS対応', ARRAY['MYH金子','MYH吉田'], '2026-08-31', '2026-08-31', 'pending', 'normal', '', '', ''),
  (119, 1, 1, '法人準備', ARRAY['MYH豊川','MYH山嵜'], '2026-06-15', '2026-06-26', 'in_progress', 'caution', '', '', ''),
  (120, 1, 1, '会社電話番号準備', ARRAY['MYH豊川','MYH山嵜'], '2026-06-29', '2026-07-17', 'pending', 'normal', '', '', ''),
  (121, 1, 1, '銀行口座準備', ARRAY['MYH豊川','MYH山嵜'], '2026-06-29', '2026-07-17', 'pending', 'normal', '', '', ''),
  (122, 1, 1, '決済代行準備', ARRAY['MYH豊川','MYH山嵜'], '2026-07-20', '2026-07-31', 'pending', 'normal', '', '', ''),
  (123, 1, 1, '予算/資金繰り設計', ARRAY['MYH豊川','MYH吉田'], '2026-06-29', '2026-06-30', 'pending', 'caution', '', '', ''),
  (124, 1, 2, 'クロージング戦略設計', ARRAY['MYH豊川','MYH吉田'], '2026-07-06', '2026-07-10', 'pending', 'normal', '', '', ''),
  (125, 1, 2, 'クロージング導線構築', ARRAY['MYH豊川','MYH吉田'], '2026-07-06', '2026-07-10', 'pending', 'normal', '', '', ''),
  (126, 1, 2, 'クロージング用電話番号取得', ARRAY['MYH豊川','MYH吉田'], '2026-07-06', '2026-07-10', 'pending', 'normal', '', '', ''),
  (127, 1, 2, 'キックオフMTG設計', ARRAY['MYH豊川','MYH吉田'], '2026-07-06', '2026-07-10', 'pending', 'normal', '', '', ''),
  (128, 1, 2, 'スクリプト&ロープレ実施', ARRAY['MYH豊川','MYH吉田'], '2026-07-20', '2026-07-24', 'pending', 'normal', '', '', ''),
  (129, 1, 3, 'クロージング戦略設計', ARRAY['MYH豊川','MYH吉田'], '2026-07-13', '2026-07-17', 'pending', 'normal', '', '', ''),
  (130, 1, 3, 'クロージング導線構築', ARRAY['MYH豊川','MYH吉田'], '2026-07-13', '2026-07-17', 'pending', 'normal', '', '', ''),
  (131, 1, 3, 'クロージング用電話番号取得', ARRAY['MYH豊川','MYH吉田'], '2026-07-13', '2026-07-17', 'pending', 'normal', '', '', ''),
  (132, 1, 3, 'キックオフMTG設計', ARRAY['MYH豊川','MYH吉田'], '2026-07-13', '2026-07-17', 'pending', 'normal', '', '', ''),
  (133, 1, 3, 'スクリプト&ロープレ実施', ARRAY['MYH豊川','MYH吉田'], '2026-07-20', '2026-07-24', 'pending', 'normal', '', '', ''),
  (134, 1, 1, '営業代行管理シート作成', ARRAY['MYH豊川','MYH吉田'], '2026-07-01', '2026-07-03', 'pending', 'normal', '', '', ''),
  (135, 1, 1, '営業代行売上/KPI数値管理', ARRAY['MYH豊川','MYH吉田'], '2026-07-01', '2026-07-03', 'pending', 'normal', '', '', ''),
  (136, 1, 1, 'GMOサイン/受講契約書作成/郵送', ARRAY['MYH豊川','MYH吉田'], '2026-07-01', '2026-07-03', 'pending', 'normal', '', '', ''),
  (137, 1, 1, 'クローザーアサイン', ARRAY['MYH豊川','MYH吉田'], '2026-07-01', '2026-07-03', 'pending', 'normal', '', '', ''),
  (138, 1, 3, 'プレクロージング最終調整', ARRAY['MYH豊川','MYH吉田'], '2026-07-27', '2026-07-31', 'pending', 'normal', '', '', ''),
  (139, 1, 3, 'プレクロージング対応', ARRAY['MYH豊川','MYH吉田'], '2026-08-03', '2026-08-07', 'pending', 'normal', '', '', ''),
  (140, 1, 3, '本リリースクロージング最終調整', ARRAY['MYH豊川','MYH吉田'], '2026-08-10', '2026-08-14', 'pending', 'normal', '', '', ''),
  (141, 1, 3, '本リリースクロージング対応', ARRAY['MYH豊川','MYH吉田'], '2026-08-31', '2026-08-31', 'pending', 'normal', '', '', ''),
  (142, 2, 4, '初回MTG', ARRAY['共同'], '2026-05-01', '2026-05-01', 'completed', 'normal', '', '', ''),
  (143, 2, 4, '3Cリサーチ', ARRAY['柴田'], '2026-05-02', '2026-05-29', 'completed', 'normal', '', '', ''),
  (144, 2, 4, 'ヒアリングシート作成', ARRAY['柴田'], '2026-05-02', '2026-05-08', 'completed', 'normal', '', '', ''),
  (145, 2, 4, 'ホルダーヒアリング', ARRAY['共同'], '2026-05-09', '2026-06-05', 'completed', 'normal', '', '', ''),
  (146, 2, 4, '見込み客ヒアリング', ARRAY['共同'], '2026-05-15', '2026-05-30', 'completed', 'normal', '', '', ''),
  (147, 2, 4, 'コンセプト設計・FV確定', ARRAY['柴田'], '2026-05-10', '2026-05-30', 'completed', 'normal', '', '', ''),
  (148, 2, 4, '商品構成仮決め', ARRAY['柴田'], '2026-05-10', '2026-06-10', 'completed', 'normal', '', '', ''),
  (149, 2, 5, '司会者選定・アテンド', ARRAY['柴田'], '2026-05-14', '2026-05-31', 'completed', 'normal', '', '', ''),
  (150, 2, 5, 'クロージングチーム構築', ARRAY['柴田'], '2026-05-14', '2026-05-31', 'completed', 'normal', '', '', ''),
  (151, 2, 5, 'LINE返信チーム構築', ARRAY['柴田'], '2026-05-14', '2026-05-31', 'completed', 'normal', '', '', ''),
  (152, 2, 5, 'バックオフィス体制構築', ARRAY['共同'], '2026-05-09', '2026-05-31', 'completed', 'normal', '', '', ''),
  (153, 2, 6, 'セールスレター(申込)ページ原稿', ARRAY['柴田'], '2026-05-22', '2026-06-25', 'in_progress', 'caution', '', '', ''),
  (154, 2, 6, 'ステップLINE・メール原稿', ARRAY['柴田'], '2026-05-22', '2026-06-25', 'in_progress', 'caution', '', '', ''),
  (155, 2, 6, '特典制作', ARRAY['共同'], '2026-05-22', '2026-06-25', 'in_progress', 'caution', '', '', ''),
  (156, 2, 6, 'オプトLP原稿', ARRAY['柴田'], '2026-05-22', '2026-06-15', 'completed', 'normal', '', '', ''),
  (157, 2, 6, 'セミナースライド骨格', ARRAY['共同'], '2026-05-28', '2026-06-15', 'completed', 'normal', '', '', ''),
  (158, 2, 6, 'LP・バナーデザイン', ARRAY['広告'], '2026-06-08', '2026-06-27', 'in_progress', 'caution', '', '', ''),
  (159, 2, 6, 'セールスレター(申込ページ)デザイン', ARRAY['広告'], '2026-06-08', '2026-06-27', 'in_progress', 'caution', '', '', ''),
  (160, 2, 6, 'ステップLINE実装', ARRAY['柴田'], '2026-06-12', '2026-06-28', 'in_progress', 'caution', '', '', ''),
  (161, 2, 6, 'セミナースライド仕上げ', ARRAY['共同'], '2026-06-16', '2026-06-30', 'in_progress', 'high', '', '', ''),
  (162, 2, 6, 'サムネ・広告バナー', ARRAY['広告'], '2026-06-10', '2026-06-27', 'in_progress', 'caution', '', '', ''),
  (163, 2, 7, '決済ページ作成', ARRAY['広告'], '2026-06-15', '2026-06-25', 'in_progress', 'caution', '', '', ''),
  (164, 2, 7, 'セミナーリハーサル', ARRAY['共同'], '2026-06-22', '2026-06-26', 'pending', 'high', '', '', ''),
  (165, 2, 7, '広告入稿・設定', ARRAY['広告'], '2026-06-26', '2026-06-27', 'pending', 'high', '', '', ''),
  (166, 2, 7, '全体導線テスト', ARRAY['共同'], '2026-06-23', '2026-06-28', 'pending', 'caution', '', '', ''),
  (167, 2, 7, '広告スタート', ARRAY['広告'], '2026-06-30', '2026-06-30', 'pending', 'high', '', '', ''),
  (168, 2, 8, '法人準備', ARRAY['森岡'], '2026-06-16', '2026-06-16', 'pending', 'normal', '', '', ''),
  (169, 2, 8, '決済代行会社準備', ARRAY['山口'], '2026-06-16', '2026-06-16', 'pending', 'normal', '', '', ''),
  (170, 2, 8, '法人口座準備', ARRAY['森岡'], '2026-06-16', '2026-06-16', 'pending', 'normal', '', '', ''),
  (171, 2, 8, 'サーバー準備(HP/LP準備)', ARRAY['山口'], '2026-06-16', '2026-06-16', 'pending', 'normal', '', '', ''),
  (172, 2, 9, '配信スタンド準備', ARRAY[]::text[], '2026-06-16', '2026-06-16', 'pending', 'normal', '', '', ''),
  (173, 2, 9, 'Lステップ＆LIGET', ARRAY[]::text[], '2026-06-16', '2026-06-16', 'pending', 'normal', '', '', ''),
  (174, 2, 9, 'Xサーバー', ARRAY[]::text[], '2026-06-16', '2026-06-16', 'pending', 'normal', '', '', ''),
  (175, 2, 9, 'ペライチ(LP)', ARRAY[]::text[], '2026-06-16', '2026-06-16', 'pending', 'normal', '', '', ''),
  (176, 2, 9, 'Googleアカウント', ARRAY[]::text[], '2026-06-16', '2026-06-16', 'pending', 'normal', '', '', ''),
  (177, 2, 10, '広告インフラ準備', ARRAY[]::text[], '2026-06-16', '2026-06-16', 'pending', 'normal', '', '', ''),
  (178, 2, 10, 'SEOインフラ準備', ARRAY[]::text[], '2026-06-16', '2026-06-16', 'pending', 'normal', '', '', ''),
  (179, 2, 10, '広告クリエイティブ作成', ARRAY[]::text[], '2026-06-16', '2026-06-16', 'pending', 'normal', '', '', ''),
  (180, 2, 10, '広告審査', ARRAY[]::text[], '2026-06-16', '2026-06-16', 'pending', 'normal', '', '', ''),
  (181, 2, 10, '収支管理インフラ準備', ARRAY[]::text[], '2026-06-16', '2026-06-16', 'pending', 'normal', '', '', '');
SELECT setval('public.tasks_id_seq', (SELECT MAX(id) FROM public.tasks));

-- 担当者
INSERT INTO public.members (name, role) VALUES
  ('ALL奥山', '管理者'),
  ('MYH吉田', 'メンバー'),
  ('MYH奥山', 'メンバー'),
  ('MYH山嵜', 'メンバー'),
  ('MYH豊川', 'メンバー'),
  ('MYH金子', 'メンバー'),
  ('PP吉田', 'メンバー'),
  ('PP木村', 'メンバー'),
  ('SAI吉田', 'メンバー'),
  ('SAI奥山', 'オペレーター'),
  ('SAI山嵜', 'メンバー'),
  ('SAI柴垣', 'メンバー'),
  ('SAI浜口', 'メンバー'),
  ('SAI野々山', 'メンバー'),
  ('SAI阿部', 'メンバー'),
  ('共同', '外部'),
  ('柴田', 'オペレーター'),
  ('広告', '外部'),
  ('森岡', 'メンバー'),
  ('山口', 'メンバー');

-- テンプレート
INSERT INTO public.templates (id, name) OVERRIDING SYSTEM VALUE VALUES (1, 'LP制作標準');
INSERT INTO public.template_anken (id, template_id, name, sort_order) OVERRIDING SYSTEM VALUE VALUES
  (1, 1, '企画', 0),
  (2, 1, '制作', 1),
  (3, 1, '確認・入稿', 2);
INSERT INTO public.template_tasks (template_anken_id, name, start_offset, end_offset, sort_order) VALUES
  (1, 'ヒアリング', 0, 7, 0),
  (1, '競合調査', 3, 14, 1),
  (1, 'コンセプト設計', 10, 21, 2),
  (2, 'LP原稿作成', 14, 28, 0),
  (2, 'デザイン', 21, 42, 1),
  (2, 'コーディング', 35, 49, 2),
  (3, 'クライアント確認', 42, 49, 0),
  (3, '修正対応', 49, 56, 1),
  (3, '入稿', 56, 60, 2);
SELECT setval('public.templates_id_seq', 1);
SELECT setval('public.template_anken_id_seq', 3);